Workbook

Sheet Transactions
A1: Txn ID | B1: Billing Month | C1: Category | D1: Biller Name | E1: Amount (INR)
A2: 1000 | B2: 2026-03 | C2: Electricity | D2: Tata Power | E2: 1727
A3: 1001 | B3: 2026-03 | C3: Broadband | D3: Airtel Xstream | E3: 814
A4: 1002 | B4: 2026-03 | C4: DTH/Cable | D4: Tata Play | E4: 351
A5: 1003 | B5: 2026-03 | C5: OTT Subscriptions | D5: Netflix+Prime+Hotstar | E5: 1089
A6: 1004 | B6: 2026-03 | C6: Gas | D6: Indraprastha Gas | E6: 670
A7: 1005 | B7: 2026-03 | C7: Mobile Recharge | D7: Jio | E7: 415
A8: 1006 | B8: 2026-04 | C8: Electricity | D8: Tata Power | E8: 1514
A9: 1007 | B9: 2026-04 | C9: Broadband | D9: Airtel Xstream | E9: 817
A10: 1008 | B10: 2026-04 | C10: DTH/Cable | D10: Tata Play | E10: 397
A11: 1009 | B11: 2026-04 | C11: OTT Subscriptions | D11: Netflix+Prime+Hotstar | E11: 926
A12: 1010 | B12: 2026-04 | C12: Gas | D12: Indraprastha Gas | E12: 739
A13: 1011 | B13: 2026-04 | C13: Mobile Recharge | D13: Jio | E13: 405
... A37: 1035 | B37: 2026-08 | C37: Mobile Recharge | D37: Jio | E37: 444
A39: Blue = hardcoded input (mock data). Edit these values freely to test how downstream sheets react.

Sheet Monthly_Summary
A1: Monthly Spend by Category (INR)
A3: Category | B3: 2026-03 | C3: 2026-04 | D3: 2026-05 | E3: 2026-06 | F3: 2026-07 | G3: 2026-08
A4: Electricity | B4: =SUMIFS(Transactions!$E$2:$E$37,Transactions!$C$2:$C$37,$A4,Transactions!$B$2:$B$37,B$3) -> 1727 | C4: =SUMIFS(Transactions!$E$2:$E$37,Transactions!$C$2:$C$37,$A4,Transactions!$B$2:$B$37,C$3) -> 1514 | D4: =SUMIFS(Transactions!$E$2:$E$37,Transactions!$C$2:$C$37,$A4,Transactions!$B$2:$B$37,D$3) -> 1702 | E4: =SUMIFS(Transactions!$E$2:$E$37,Transactions!$C$2:$C$37,$A4,Transactions!$B$2:$B$37,E$3) -> 1519 | F4: =SUMIFS(Transactions!$E$2:$E$37,Transactions!$C$2:$C$37,$A4,Transactions!$B$2:$B$37,F$3) -> 2737 | G4: =SUMIFS(Transactions!$E$2:$E$37,Transactions!$C$2:$C$37,$A4,Transactions!$B$2:$B$37,G$3) -> 1629
A5: Broadband | B5: =SUMIFS(Transactions!$E$2:$E$37,Transactions!$C$2:$C$37,$A5,Transactions!$B$2:$B$37,B$3) -> 814 | C5: =SUMIFS(Transactions!$E$2:$E$37,Transactions!$C$2:$C$37,$A5,Transactions!$B$2:$B$37,C$3) -> 817 | D5: =SUMIFS(Transactions!$E$2:$E$37,Transactions!$C$2:$C$37,$A5,Transactions!$B$2:$B$37,D$3) -> 854 | E5: =SUMIFS(Transactions!$E$2:$E$37,Transactions!$C$2:$C$37,$A5,Transactions!$B$2:$B$37,E$3) -> 864 | F5: =SUMIFS(Transactions!$E$2:$E$37,Transactions!$C$2:$C$37,$A5,Transactions!$B$2:$B$37,F$3) -> 883 | G5: =SUMIFS(Transactions!$E$2:$E$37,Transactions!$C$2:$C$37,$A5,Transactions!$B$2:$B$37,G$3) -> 875
A6: DTH/Cable | B6: =SUMIFS(Transactions!$E$2:$E$37,Transactions!$C$2:$C$37,$A6,Transactions!$B$2:$B$37,B$3) -> 351 | C6: =SUMIFS(Transactions!$E$2:$E$37,Transactions!$C$2:$C$37,$A6,Transactions!$B$2:$B$37,C$3) -> 397 | D6: =SUMIFS(Transactions!$E$2:$E$37,Transactions!$C$2:$C$37,$A6,Transactions!$B$2:$B$37,D$3) -> 352 | E6: =SUMIFS(Transactions!$E$2:$E$37,Transactions!$C$2:$C$37,$A6,Transactions!$B$2:$B$37,E$3) -> 388 | F6: =SUMIFS(Transactions!$E$2:$E$37,Transactions!$C$2:$C$37,$A6,Transactions!$B$2:$B$37,F$3) -> 394 | G6: =SUMIFS(Transactions!$E$2:$E$37,Transactions!$C$2:$C$37,$A6,Transactions!$B$2:$B$37,G$3) -> 367
A7: OTT Subscriptions | B7: =SUMIFS(Transactions!$E$2:$E$37,Transactions!$C$2:$C$37,$A7,Transactions!$B$2:$B$37,B$3) -> 1089 | C7: =SUMIFS(Transactions!$E$2:$E$37,Transactions!$C$2:$C$37,$A7,Transactions!$B$2:$B$37,C$3) -> 926 | D7: =SUMIFS(Transactions!$E$2:$E$37,Transactions!$C$2:$C$37,$A7,Transactions!$B$2:$B$37,D$3) -> 907 | E7: =SUMIFS(Transactions!$E$2:$E$37,Transactions!$C$2:$C$37,$A7,Transactions!$B$2:$B$37,E$3) -> 1268 | F7: =SUMIFS(Transactions!$E$2:$E$37,Transactions!$C$2:$C$37,$A7,Transactions!$B$2:$B$37,F$3) -> 1039 | G7: =SUMIFS(Transactions!$E$2:$E$37,Transactions!$C$2:$C$37,$A7,Transactions!$B$2:$B$37,G$3) -> 901
A8: Gas | B8: =SUMIFS(Transactions!$E$2:$E$37,Transactions!$C$2:$C$37,$A8,Transactions!$B$2:$B$37,B$3) -> 670 | C8: =SUMIFS(Transactions!$E$2:$E$37,Transactions!$C$2:$C$37,$A8,Transactions!$B$2:$B$37,C$3) -> 739 | D8: =SUMIFS(Transactions!$E$2:$E$37,Transactions!$C$2:$C$37,$A8,Transactions!$B$2:$B$37,D$3) -> 623 | E8: =SUMIFS(Transactions!$E$2:$E$37,Transactions!$C$2:$C$37,$A8,Transactions!$B$2:$B$37,E$3) -> 743 | F8: =SUMIFS(Transactions!$E$2:$E$37,Transactions!$C$2:$C$37,$A8,Transactions!$B$2:$B$37,F$3) -> 707 | G8: =SUMIFS(Transactions!$E$2:$E$37,Transactions!$C$2:$C$37,$A8,Transactions!$B$2:$B$37,G$3) -> 640
A9: Mobile Recharge | B9: =SUMIFS(Transactions!$E$2:$E$37,Transactions!$C$2:$C$37,$A9,Transactions!$B$2:$B$37,B$3) -> 415 | C9: =SUMIFS(Transactions!$E$2:$E$37,Transactions!$C$2:$C$37,$A9,Transactions!$B$2:$B$37,C$3) -> 405 | D9: =SUMIFS(Transactions!$E$2:$E$37,Transactions!$C$2:$C$37,$A9,Transactions!$B$2:$B$37,D$3) -> 413 | E9: =SUMIFS(Transactions!$E$2:$E$37,Transactions!$C$2:$C$37,$A9,Transactions!$B$2:$B$37,E$3) -> 412 | F9: =SUMIFS(Transactions!$E$2:$E$37,Transactions!$C$2:$C$37,$A9,Transactions!$B$2:$B$37,F$3) -> 414 | G9: =SUMIFS(Transactions!$E$2:$E$37,Transactions!$C$2:$C$37,$A9,Transactions!$B$2:$B$37,G$3) -> 444
A10: Total | B10: =SUM(B4:B9) -> 5066 | C10: =SUM(C4:C9) -> 4798 | D10: =SUM(D4:D9) -> 4851 | E10: =SUM(E4:E9) -> 5194 | F10: =SUM(F4:F9) -> 6174 | G10: =SUM(G4:G9) -> 4856

Sheet Trend_Analysis
A1: Month-over-Month % Change + Surge Alerts
A3: Category | B3: 2026-04 vs prior | C3: 2026-05 vs prior | D3: 2026-06 vs prior | E3: 2026-07 vs prior | F3: 2026-08 vs prior
A4: Electricity | B4: =IFERROR((Monthly_Summary!C4-Monthly_Summary!B4)/Monthly_Summary!B4,0) -> -0.12333526 | C4: =IFERROR((Monthly_Summary!D4-Monthly_Summary!C4)/Monthly_Summary!C4,0) -> 0.12417437 | D4: =IFERROR((Monthly_Summary!E4-Monthly_Summary!D4)/Monthly_Summary!D4,0) -> -0.10752056 | E4: =IFERROR((Monthly_Summary!F4-Monthly_Summary!E4)/Monthly_Summary!E4,0) -> 0.80184332 | F4: =IFERROR((Monthly_Summary!G4-Monthly_Summary!F4)/Monthly_Summary!F4,0) -> -0.4048228
A5: Broadband | B5: =IFERROR((Monthly_Summary!C5-Monthly_Summary!B5)/Monthly_Summary!B5,0) -> 0.0036855037 | C5: =IFERROR((Monthly_Summary!D5-Monthly_Summary!C5)/Monthly_Summary!C5,0) -> 0.045287638 | D5: =IFERROR((Monthly_Summary!E5-Monthly_Summary!D5)/Monthly_Summary!D5,0) -> 0.011709602 | E5: =IFERROR((Monthly_Summary!F5-Monthly_Summary!E5)/Monthly_Summary!E5,0) -> 0.021990741 | F5: =IFERROR((Monthly_Summary!G5-Monthly_Summary!F5)/Monthly_Summary!F5,0) -> -0.0090600227
A6: DTH/Cable | B6: =IFERROR((Monthly_Summary!C6-Monthly_Summary!B6)/Monthly_Summary!B6,0) -> 0.13105413 | C6: =IFERROR((Monthly_Summary!D6-Monthly_Summary!C6)/Monthly_Summary!C6,0) -> -0.11335013 | D6: =IFERROR((Monthly_Summary!E6-Monthly_Summary!D6)/Monthly_Summary!D6,0) -> 0.10227273 | E6: =IFERROR((Monthly_Summary!F6-Monthly_Summary!E6)/Monthly_Summary!E6,0) -> 0.015463918 | F6: =IFERROR((Monthly_Summary!G6-Monthly_Summary!F6)/Monthly_Summary!F6,0) -> -0.068527919
A7: OTT Subscriptions | B7: =IFERROR((Monthly_Summary!C7-Monthly_Summary!B7)/Monthly_Summary!B7,0) -> -0.1496786 | C7: =IFERROR((Monthly_Summary!D7-Monthly_Summary!C7)/Monthly_Summary!C7,0) -> -0.020518359 | D7: =IFERROR((Monthly_Summary!E7-Monthly_Summary!D7)/Monthly_Summary!D7,0) -> 0.39801544 | E7: =IFERROR((Monthly_Summary!F7-Monthly_Summary!E7)/Monthly_Summary!E7,0) -> -0.18059937 | F7: =IFERROR((Monthly_Summary!G7-Monthly_Summary!F7)/Monthly_Summary!F7,0) -> -0.13282002
A8: Gas | B8: =IFERROR((Monthly_Summary!C8-Monthly_Summary!B8)/Monthly_Summary!B8,0) -> 0.10298507 | C8: =IFERROR((Monthly_Summary!D8-Monthly_Summary!C8)/Monthly_Summary!C8,0) -> -0.15696888 | D8: =IFERROR((Monthly_Summary!E8-Monthly_Summary!D8)/Monthly_Summary!D8,0) -> 0.19261637 | E8: =IFERROR((Monthly_Summary!F8-Monthly_Summary!E8)/Monthly_Summary!E8,0) -> -0.048452221 | F8: =IFERROR((Monthly_Summary!G8-Monthly_Summary!F8)/Monthly_Summary!F8,0) -> -0.09476662
A9: Mobile Recharge | B9: =IFERROR((Monthly_Summary!C9-Monthly_Summary!B9)/Monthly_Summary!B9,0) -> -0.024096386 | C9: =IFERROR((Monthly_Summary!D9-Monthly_Summary!C9)/Monthly_Summary!C9,0) -> 0.019753086 | D9: =IFERROR((Monthly_Summary!E9-Monthly_Summary!D9)/Monthly_Summary!D9,0) -> -0.0024213075 | E9: =IFERROR((Monthly_Summary!F9-Monthly_Summary!E9)/Monthly_Summary!E9,0) -> 0.0048543689 | F9: =IFERROR((Monthly_Summary!G9-Monthly_Summary!F9)/Monthly_Summary!F9,0) -> 0.072463768
A12: Surge Flags (>20% MoM change)
A13: Category | B13: 2026-04 | C13: 2026-05 | D13: 2026-06 | E13: 2026-07 | F13: 2026-08
A14: Electricity | B14: =IF(ABS(B4)>0.2,"⚠ Surge","-") -> - | C14: =IF(ABS(C4)>0.2,"⚠ Surge","-") -> - | D14: =IF(ABS(D4)>0.2,"⚠ Surge","-") -> - | E14: =IF(ABS(E4)>0.2,"⚠ Surge","-") -> ⚠ Surge | F14: =IF(ABS(F4)>0.2,"⚠ Surge","-") -> ⚠ Surge
A15: Broadband | B15: =IF(ABS(B5)>0.2,"⚠ Surge","-") -> - | C15: =IF(ABS(C5)>0.2,"⚠ Surge","-") -> - | D15: =IF(ABS(D5)>0.2,"⚠ Surge","-") -> - | E15: =IF(ABS(E5)>0.2,"⚠ Surge","-") -> - | F15: =IF(ABS(F5)>0.2,"⚠ Surge","-") -> -
A16: DTH/Cable | B16: =IF(ABS(B6)>0.2,"⚠ Surge","-") -> - | C16: =IF(ABS(C6)>0.2,"⚠ Surge","-") -> - | D16: =IF(ABS(D6)>0.2,"⚠ Surge","-") -> - | E16: =IF(ABS(E6)>0.2,"⚠ Surge","-") -> - | F16: =IF(ABS(F6)>0.2,"⚠ Surge","-") -> -
A17: OTT Subscriptions | B17: =IF(ABS(B7)>0.2,"⚠ Surge","-") -> - | C17: =IF(ABS(C7)>0.2,"⚠ Surge","-") -> - | D17: =IF(ABS(D7)>0.2,"⚠ Surge","-") -> ⚠ Surge | E17: =IF(ABS(E7)>0.2,"⚠ Surge","-") -> - | F17: =IF(ABS(F7)>0.2,"⚠ Surge","-") -> -
A18: Gas | B18: =IF(ABS(B8)>0.2,"⚠ Surge","-") -> - | C18: =IF(ABS(C8)>0.2,"⚠ Surge","-") -> - | D18: =IF(ABS(D8)>0.2,"⚠ Surge","-") -> - | E18: =IF(ABS(E8)>0.2,"⚠ Surge","-") -> - | F18: =IF(ABS(F8)>0.2,"⚠ Surge","-") -> -
A19: Mobile Recharge | B19: =IF(ABS(B9)>0.2,"⚠ Surge","-") -> - | C19: =IF(ABS(C9)>0.2,"⚠ Surge","-") -> - | D19: =IF(ABS(D9)>0.2,"⚠ Surge","-") -> - | E19: =IF(ABS(E9)>0.2,"⚠ Surge","-") -> - | F19: =IF(ABS(F9)>0.2,"⚠ Surge","-") -> -
